source_id,jurisdiction,authority,document,version_or_date,status,role,applicability_state,acquisition_class,official_url,notes
EU-MACH-2023-1230,EU,European Union,Regulation (EU) 2023/1230 on machinery,Consolidated 2026-07-27,IN_FORCE_TRANSITION,LAW,REVIEW_REQUIRED,PUBLIC_OFFICIAL,https://eur-lex.europa.eu/eli/reg/2023/1230/en,General application 2027-01-20; preserve transition analysis
EU-MD-2006-42-EC,EU,European Union,Directive 2006/42/EC Machinery Directive,Current transitional baseline,IN_FORCE_TRANSITION,LAW,REVIEW_REQUIRED,PUBLIC_OFFICIAL,https://eur-lex.europa.eu/legal-content/EN/TXT/?uri=CELEX:32006L0042,Transition relationship must be governed
EU-EMC-2014-30,EU,European Union,Directive 2014/30/EU EMC,Current,IN_FORCE,LAW,REVIEW_REQUIRED,PUBLIC_OFFICIAL,https://eur-lex.europa.eu/eli/dir/2014/30/oj,Applicability depends on product/system boundary
EU-ATEX-2014-34,EU,European Union,Directive 2014/34/EU ATEX,Current,IN_FORCE,LAW,REVIEW_REQUIRED,PUBLIC_OFFICIAL,https://eur-lex.europa.eu/eli/dir/2014/34/oj,Only if explosive-atmosphere scope applies
EU-PED-2014-68,EU,European Union,Directive 2014/68/EU Pressure Equipment,Current,IN_FORCE,LAW,REVIEW_REQUIRED,PUBLIC_OFFICIAL,https://eur-lex.europa.eu/eli/dir/2014/68/oj,Only if pressure-equipment scope applies
ISO-12100-2010,GLOBAL,ISO,ISO 12100 Safety of machinery risk assessment and risk reduction,2010 confirmed 2022,CURRENT_WITH_REVISION_IN_PROGRESS,STANDARD,REVIEW_REQUIRED,LICENSED,https://www.iso.org/standard/51528.html,ISO/DIS 12100.3 is draft and must not silently replace current edition
ISO-13849-1-2023,GLOBAL,ISO,ISO 13849-1 Safety-related parts of control systems Part 1,2023,CURRENT,STANDARD,REVIEW_REQUIRED,LICENSED,https://www.iso.org/standard/73481.html,PL/SRP-CS design methodology
ISO-13849-2,GLOBAL,ISO,ISO 13849-2 Validation,current_version_to_verify,VERIFY_CURRENT,STANDARD,REVIEW_REQUIRED,LICENSED,https://www.iso.org/search.html?q=ISO%2013849-2,Verify current edition before use
ISO-14119,GLOBAL,ISO,ISO 14119 Interlocking devices associated with guards,current_version_to_verify,VERIFY_CURRENT,STANDARD,CONDITIONAL,LICENSED,https://www.iso.org/search.html?q=ISO%2014119,Conditional on guard/interlock architecture
ISO-14120,GLOBAL,ISO,ISO 14120 Guards general requirements,current_version_to_verify,VERIFY_CURRENT,STANDARD,CONDITIONAL,LICENSED,https://www.iso.org/search.html?q=ISO%2014120,Conditional on guarding architecture
ISO-13850,GLOBAL,ISO,ISO 13850 Emergency stop function principles for design,current_version_to_verify,VERIFY_CURRENT,STANDARD,REVIEW_REQUIRED,LICENSED,https://www.iso.org/search.html?q=ISO%2013850,Verify before E-stop design claims
ISO-13855,GLOBAL,ISO,ISO 13855 Positioning of safeguards,current_version_to_verify,VERIFY_CURRENT,STANDARD,CONDITIONAL,LICENSED,https://www.iso.org/search.html?q=ISO%2013855,Conditional on protective-device design
IEC-62061-2021-A1-A2,GLOBAL,IEC,IEC 62061 Safety of machinery functional safety of safety-related control systems,2021+A1:2024+A2:2026,CURRENT,STANDARD,REVIEW_REQUIRED,LICENSED,https://webstore.iec.ch/en/publication/92835,Machine-sector functional safety
IEC-60204-1-2016-A1-2021,GLOBAL,IEC,IEC 60204-1 Electrical equipment of machines Part 1,2016+A1:2021,CURRENT,STANDARD,REVIEW_REQUIRED,LICENSED,https://webstore.iec.ch/en/publication/71256,Electrical equipment baseline
IEC-61131-3-2025,GLOBAL,IEC,IEC 61131-3 Programmable controllers programming languages,2025,CURRENT,STANDARD,REVIEW_REQUIRED,LICENSED,https://webstore.iec.ch/en/publication/68533,Control-software language baseline
IEC-61508-SERIES,GLOBAL,IEC,IEC 61508 Functional safety E/E/PE systems,current_series_to_verify,VERIFY_CURRENT,STANDARD,CONDITIONAL,LICENSED,https://webstore.iec.ch/en/publication/5515,Framework; applicability must be established
IEC-61511-SERIES,GLOBAL,IEC,IEC 61511 Functional safety SIS for process industry,current_series_to_verify,VERIFY_CURRENT,STANDARD,CONDITIONAL,LICENSED,https://webstore.iec.ch/en/publication/24241,Process-industry SIS only when applicable
IEC-62443-SERIES,GLOBAL,ISA/IEC,ISA/IEC 62443 Industrial automation and control systems cybersecurity,current_series,ACTIVE_SERIES,STANDARD_SERIES,REVIEW_REQUIRED,LICENSED,https://www.isa.org/standards-and-publications/isa-standards/isa-iec-62443-series-of-standards,Part applicability tracked individually
ISA-88-SERIES,GLOBAL,ISA,ISA-88 Batch/process procedural control,current_series_to_verify,VERIFY_CURRENT,STANDARD_SERIES,REVIEW_REQUIRED,LICENSED,https://www.isa.org/standards-and-publications/isa-standards/isa-standards-committees/isa88,Use for procedural/equipment/state models where applicable
ISA-95-SERIES,GLOBAL,ISA,ISA-95 Enterprise-control integration,current_series_to_verify,VERIFY_CURRENT,STANDARD_SERIES,CONDITIONAL,LICENSED,https://www.isa.org/standards-and-publications/isa-standards/isa-95-standard,Use for integration layers where applicable
NIST-SP800-82R3,US,NIST,NIST SP 800-82 Rev.3 Guide to OT Security,Rev.3,FINAL,GUIDANCE,REVIEW_REQUIRED,PUBLIC_OFFICIAL,https://csrc.nist.gov/pubs/sp/800/82/r3/final,Final OT cybersecurity guidance baseline
NIST-SP800-82R4-IPD,US,NIST,NIST SP 800-82 Rev.4 Initial Public Draft,2026-09-21,DRAFT,GUIDANCE_DRAFT,INFORMATIVE_ONLY,PUBLIC_OFFICIAL,https://csrc.nist.gov/pubs/sp/800/82/r4/ipd,Do not promote over Rev.3 while draft
OSHA-1910-SUBPART-O,US,OSHA,29 CFR 1910 Subpart O Machinery and Machine Guarding,current,REGULATORY,LAW_REGULATION,REVIEW_REQUIRED,PUBLIC_OFFICIAL,https://www.osha.gov/machine-guarding/standards,US machine guarding baseline
OSHA-1910-147,US,OSHA,29 CFR 1910.147 Control of hazardous energy,current,REGULATORY,LAW_REGULATION,REVIEW_REQUIRED,PUBLIC_OFFICIAL,https://www.osha.gov/laws-regs/regulations/standardnumber/1910/1910.147,LOTO applicability
NFPA-79,US,NFPA,NFPA 79 Electrical Standard for Industrial Machinery,current_edition_to_verify,VERIFY_CURRENT,CONSENSUS_STANDARD,REVIEW_REQUIRED,LICENSED,https://www.nfpa.org/codes-and-standards/nfpa-79-standard-development/79,Verify current edition/licensing before mapping
NFPA-70,US,NFPA,NFPA 70 National Electrical Code,current_edition_to_verify,VERIFY_CURRENT,CODE,CONDITIONAL,LICENSED,https://www.nfpa.org/codes-and-standards/nfpa-70-standard-development/70,Jurisdiction/adoption dependent
UL-508A,US,UL,UL 508A Industrial Control Panels,current_edition_to_verify,VERIFY_CURRENT,STANDARD,CONDITIONAL,LICENSED,https://www.shopulstandards.com/ProductDetail.aspx?productId=UL508A,Panel/listing scope conditional
