"path","sha256","bytes"
"README.md","492F7BA207D1DCB7C8EB88E0E26A28D255AACEC74BEF3042F8D23AC331B2D32A","1699"
"00_Governance\PROJECT-CONSTITUTION.md","39E5CFE613C3F99BA925CD258D162F80F90EC9EF77AD05BAB5CE51D6106E18BD","1350"
"00_Governance\Policies\NORMATIVE-FIRST-RULE.md","9638C53BDFD8DD8FA58FB0BB8EF26E67D5430FCA8C5EE9CFACDA352C6E7F90B7","803"
"00_Governance\Policies\CLAIMS-POLICY.md","F7434A3477A7A20306D09FC55A142CE8C0D6CE4ACBA0F3E3E9E03ACD49710409","540"
"00_Governance\Policies\EVIDENCE-POLICY.md","D3EF870D1202BDBE864AFECD135609F483E9BAEBF98F9AA01E726C3FC1B33C70","497"
"00_Governance\Policies\CHANGE-MANAGEMENT.md","09B56B8970EC49D6CC8B47D6A4CF9F3A6B70F463F5FC9A490BAC49BBBAA57065","400"
"00_Governance\Policies\AUTHORIZATION-BOUNDARIES.md","4B1728B4991A71C7A6A112AC8B8E816817F44C0E3B25FA6C80176BF422B7D14C","424"
"SECURITY.md","786ABB943D7E8E82931085CB016B663C13BBB6BE84D13DD60F4825464518AF73","438"
"CONTRIBUTING.md","2754C4544C0955AF6AD2D9B6A7914BAF6D353896B69B5FC9744E222BE521B4A8","316"
".gitignore","C3F87CAE61516B35A9FA960BD794D60B757B40B369DA6CE03842D7EFA11B89A0","321"
".github\CODEOWNERS","FEB3FF703D3332F50E0D276E2572C7C7B576A2475425F55CAAC4C343067F8A36","251"
".github\PULL_REQUEST_TEMPLATE.md","5DD44D55104FFD8C6FEA315D5AF08903C0C5F596FA41397B7C3FF664720F2F53","474"
"02_Normative_Baseline\NORMATIVE-SOURCE-REGISTER.csv","5BE5978F0A9D6B11AA81EFA3899D24629FDCD828FBDF4202C8417117D342A5B6","6478"
"02_Normative_Baseline\README.md","7BDF0553687AFA630A207081145B861418E3DD29D7A5B4C8D322A3939364282B","561"
"02_Normative_Baseline\Official_Sources\PUBLIC-SOURCE-MANIFEST.csv","9F97A2A6E314717EA73D5F3D58BDD35E85C69756C05B9FB76BF565707880F379","686"
"02_Normative_Baseline\Change_Watch\CHANGE-WATCH-POLICY.md","6937A9C5AD135CB9AC8360EF990F0411F585CC77FEFFBDF6E3941624E2A9059F","407"
"03_Source_of_Truth\SOURCE-OF-TRUTH.md","784AB5E72616D688C26751CBD53A16BDD0069D1EAACA4E33FAA3B9BFC1A8ECFD","528"
"03_Source_of_Truth\Registers\EVIDENCE-REGISTER.csv","AFE39DF8F849165215A1927FB6EC248D9A85DE036C1418D37A022FD10C227B7F","74"
"03_Source_of_Truth\Registers\COMPONENT-REGISTER.csv","2FA5A14C669F0C8ECC6DD3A73FE263BEBFF2218606DF61E27DBB2C67FDB3A511","70"
"03_Source_of_Truth\Registers\CLAIM-REGISTER.csv","20F9D53AA9E04273A7B6DFF32889600BBC487245827E404ADDC6A0DC8A264356","78"
"03_Source_of_Truth\Registers\TEST-REGISTER.csv","88BB3A1A8C0144A231C6B89B39BAE56C62FE85AAC877B1A1E2FC026BA69CD93B","80"
"03_Source_of_Truth\Registers\CHANGE-REGISTER.csv","8E4DE0F4030ACFEB0FC1DA7A257F258C8D773307731EBDBA97D1688A038402A3","67"
"03_Source_of_Truth\Registers\REQUIREMENT-REGISTER.csv","3C7F772267F4605B35A3A0036E3B7D32E6D84D5A21AF3CD745E3261F11B518DB","84"
"03_Source_of_Truth\Registers\RISK-REGISTER.csv","A1A3B8F7EAF0AF17F65A224795A66B76741482C838F022DD7B5F1F02219C4C17","94"
"03_Source_of_Truth\Registers\DECISION-REGISTER.csv","416D3EB3B790EB89198A711D4070351B47D0C3D28F97771010E04781C6103DAD","70"
"04_Requirements\REQUIREMENT-TEMPLATE.md","6939FCEFFAB0735BB4370280FB912216B5D9E9936908983D97808EE9863F8B57","289"
"04_Requirements\System\SYSTEM-REQUIREMENTS.md","1027D4657CBE8C16C8BAB8571B65187EDC289BA8B521D656707982037462FA38","310"
"04_Requirements\Control\CONTROL-REQUIREMENTS.md","9415C4F46E4804D82714C458CAEE0196DF8764DB77445230763542183307B596","312"
"04_Requirements\IO\IO-REQUIREMENTS.md","FF46F4DC26B152770EE3AD0DED0AE6E5D89F8262989571615046846F00904345","302"
"04_Requirements\Timing\TIMING-DETERMINISM-REQUIREMENTS.md","09C54EC0BFA346740E4C069CC6800A0C6FE9E7E6D32D4AD7EB6ED3FE38144F93","322"
"04_Requirements\Safety\SAFETY-REQUIREMENTS.md","D6783C209720570D018A2B079F9309A8C26B33E1E5E8C34501AF26FEEAFDF40A","310"
"04_Requirements\Security\SECURITY-REQUIREMENTS.md","68A4A1CA214E29F739B62FAD428220E626DD5FEEF020BAF676C81F8C5F308D1E","314"
"04_Requirements\Communications\COMMUNICATIONS-REQUIREMENTS.md","BC05086840037D412816003F911C3EE7F8DCE39D613CBFA08D8E902B17A6B248","326"
"04_Requirements\HMI\HMI-REQUIREMENTS.md","E3A930DC5C43432695B529BF050654B9F1647DE1EDC40E7CFFD82EE95E8AC805","304"
"04_Requirements\Data\DATA-EVIDENCE-REQUIREMENTS.md","DCFCBD5F5656AFBD8333A1558C942EC7FA181B02FEED92F4D331E826E397E895","315"
"04_Requirements\Environmental\ENVIRONMENTAL-REQUIREMENTS.md","B4A440E7BE1AF63FE47F61F942C6108F9C97DCFC792D382B9785DA6D37B44BD1","324"
"04_Requirements\Verification\VERIFICATION-REQUIREMENTS.md","79529E3D845FEB43D712621DD2826BE2FADBBE9AF2C9C4FD3CBCCEF0688E32E7","322"
"00_Governance\Templates\PCN-TEMPLATE.md","474FC39223FDD0006554BC21671CDAF439AB910B4760E928EF79DBC6BC9D69D2","639"
"06_Process_Control_Narratives\PCN-100_Data_Acquisition\PCN-100.md","E798AB4F7D39ED99FBCCFBF0822AF23105494C3052DB7E9643FD2969B6B599A3","678"
"06_Process_Control_Narratives\PCN-200_Normal_Startup_Operation\PCN-200.md","BDD9F38DF1C95EA5350F8F1104BB8A31413FF09FC8BBC3C2B5F3CFA014674D7F","659"
"06_Process_Control_Narratives\PCN-300_Steady_State\PCN-300.md","644EDFC2598F1986A35FA81C2CBB78D693893EE83BEAE3143378277F3CCF5C8C","659"
"06_Process_Control_Narratives\PCN-400_Normal_Shutdown\PCN-400.md","1436BC2AB35CA970DA8862F9ED3BB3FA8D0733C8875F25362118F316F8CBAEE2","646"
"06_Process_Control_Narratives\PCN-500_Emergency_Shutdown\PCN-500.md","D141984D9717C959782893D070BEECFDD6FC62B9E699520F25D6C4ECF8E34620","664"
"06_Process_Control_Narratives\PCN-600_Cooling_Water\PCN-600.md","19EC6DF439FD687E1D2DC7A333F939384E086D56A5141A8C0320B5D1ACA79909","651"
"06_Process_Control_Narratives\PCN-700_Process_Gas\PCN-700.md","5E9E8A595D650715D0A1428DA6BD4053BCD0D0F3AF6B71250B903FB741C7497F","649"
"06_Process_Control_Narratives\PCN-800_Material_Feed_Discharge\PCN-800.md","4FA4D0A147E817B472594939F2028B5552E561887F36644D125BFFD83E4E2A74","658"
"06_Process_Control_Narratives\REFERENCE-PROCESS.md","5EF1140D959C03AD64BC73DB94F19B53A018D0A24E0329CAFCB0F163564AD966","418"
"07_Hazard_and_Risk\Hazard_Log\HAZARD-LOG.csv","15AA27BDC5A3F2145732B2A161E5D00B38674992B4D16CB89E40433E7F734D40","144"
"07_Hazard_and_Risk\Safety_Functions\SAFETY-FUNCTION-REGISTER.csv","E832D8AACDB6B753B7DCFFBED4E4E770927530790C2912E138BDF2577B5E843A","129"
"07_Hazard_and_Risk\README.md","D51146AA18D8ADD7BCFA82681596C3CDE6395651E86DDF10A1040898017069D8","437"
"10_Firmware\FIRMWARE-ARCHITECTURE.md","19380133C547F5D68019CB48A5E31AD83EBC791A3C3C5239DE9356CABD3BC00F","1041"
"10_Firmware\Diagnostics\README.md","2714708793456A7459FB0C038E3F2E9DB2F913E0AA3B6F3FA017F964B521ABC0","68"
"10_Firmware\Interlock_Engine\README.md","C8FC3CAC37BF584FF35A235B113D554FF24A312F397D56BA3E7ED67299B2DFC6","81"
"10_Firmware\Evidence_Interface\README.md","732B180D1F242F5414EF170F7C7DC522A8D2815F34E81695319175FDDA4B689F","74"
"10_Firmware\Safety_Supervisor\README.md","23F976107868DC703ADDDB22213A18BD94A34592AFC5B32B6B1CF9F7242E8BDF","84"
"10_Firmware\Tests\README.md","9B4E7227F4777AC9B0EBB1856EFB22A74D9A1FE18476EC456E0402DAFB3BEB81","52"
"10_Firmware\Control_Engine\README.md","B58584E0BC76F51A2E9FC223115BA56C27C805E566F56783034626C8AECA6E3C","74"
"10_Firmware\Drivers\README.md","F23D55763C73353FBB9F6BC39DE86BA46370B66257A1122D2CF80BF44F4426D4","51"
"10_Firmware\BSP\README.md","FCCCA99EBCDE58DDFF3C80C1435D733BD8BFA973865D63A01640EC3F95BBD233","52"
"10_Firmware\Boot_Update\README.md","473A1B61BD00D1250B0E3614B2822CE88376A02272716B5C83790F87A195D53A","72"
"10_Firmware\Network_Manager\README.md","348A15AABC41063B8315DD48BD2C35B64E82BEEFDFD9D681B8C32180D96DDA83","73"
"10_Firmware\Alarm_Engine\README.md","38BF6778187D360D8CE8C1A5C4165E61F4267D80C6C9D0EA14A5BCD4929824FC","70"
"10_Firmware\Event_Recorder\README.md","C49DCC4C12C01F5C5BEC71982CE78051E8DBD1895105311E631A6101FF89B1C6","76"
"10_Firmware\IO_Manager\README.md","B734E4C2C6789F8007BFDF06C04D71BD32D74695E423E58B03698399FEF123A7","70"
"10_Firmware\Protocol_Stack\README.md","118CBF55A12D0E740B8476E8BC3DE5053B00E9AB4883184D6A989F432956BE98","58"
"10_Firmware\Sequence_Engine\README.md","1EDBFE8B4CEC87CFC80D0B5A9D3F8A9CC96DCDC604CE3028CB6FF6F3723E382B","66"
"10_Firmware\HAL\README.md","FD22F456274BB6BAA1ABBE5096C41FCDCA7E9DB4DBE2BB11325E811DE89B79B0","41"
"11_Control_Logic\CONTROL-LOGIC-ARCHITECTURE.md","F2C3BA1692527B9D1B167A994EC031B566C6E8732FC4D73D843DFF02F10F1E34","709"
"12_Protocols\PROTOCOL-ARCHITECTURE.md","69C7643D4A3992C123F70D4906895C9D3633BD7A10CA0D17AAB9CEFF69C2B364","349"
"13_SCADA_HMI\HMI-ARCHITECTURE.md","A12FEB0F10A8154CC06A69EAE4549B6EF9ED4997E5A00D7D64FD0E5EAB0F436E","861"
"13_SCADA_HMI\Style_Guide\HMI-STYLE-GUIDE.md","E5E75A47EB1B2F8E12C03CC9F4FB9CC310CF4EFBC8F5679BBC10625EA686B680","320"
"14_Simulation\FAULT-INJECTION-CATALOG.csv","B4F45F800CD532857A11BF0D43EC1F79F7986919599C5E24D3AB48610804BB5A","935"
"00_Governance\Templates\SFAT-TEST-CASE-TEMPLATE.md","15DED22DBC7E2237CA5DE31ACCBD19779EA6C1FE680BDCE7DA7F048F337DE17D","360"
"15_SFAT\SFAT-MASTER-PLAN.md","8D08CFC99621E430DA1A055CF29A0B4E7D41CADA17A6A86605CD33103A42736F","585"
"16_Cybersecurity\CYBERSECURITY-ARCHITECTURE.md","6AF235FD448B42439DD85A5BBE0BCAC7BCFBFB8564AAB83AD4FFBA1DA523CB9E","567"
"16_Cybersecurity\Threat_Model\THREAT-MODEL.md","1E52363ED5ABEE36C70512744395C7ACC40D84A37CA645E382067D108EEFACE4","520"
"19_ADR\ADR-0001-Project-Boundary.md","BD5F9266D7CC596A00D63575C30F6FDE04FF6230336F3CAAD302BC3760F0C193","450"
"19_ADR\ADR-0002-Normative-First.md","D907266BAD93451AD2619E0EB9F56854070346B4BD3224AA47620408483A33BA","326"
"19_ADR\ADR-0003-Hardware-Selection-Deferred.md","1DCB8E023A5BBF816817DEA408EB0E21C3F1A4E17BC95B8B565D6EE03C192443","523"
"19_ADR\ADR-0004-Safety-Claim-Boundary.md","3EC3FC3C3227CB1D5DB686A29E5A9D7D17C97B9F22E81135E3AED98C2C1F992A","405"
"27_Quality_Assurance\Devils_Advocate\CHECKLIST.md","22094DCE20BB620FB833FD91BC49E6C4B5656E68F0462FFDE6F9AA468948F70B","331"
"27_Quality_Assurance\Evidence_Completeness\CHECKLIST.md","D3223F7919A3FC7579912DC9C2308E1A28BBBE97BEFF705B1AFE854214A246A1","262"
"27_Quality_Assurance\Technical_Destruction\CHECKLIST.md","B0101C2C3C055A4CF4776F2BD7C24C2892D2C56864BAA69CCB0D3EE39167A2F1","320"
"27_Quality_Assurance\Human_Readability\CHECKLIST.md","7E880180F9AC1177C4D02A46C4F3C787FED02B190F766C5E1F5F4916F589D84C","259"
"27_Quality_Assurance\Claim_Review\CHECKLIST.md","BFDDD72BF169EE31BC07D84C62367E7C29CB0BBEB9585C48A7C846C94058D41D","323"
"00_Governance\Gates\GATE-000.md","693574B3796F00DE39C3561A70DB6CC665D658ACE7120DCF2AB6D4D234AC8BBF","891"
"00_Governance\Gates\GATE-001.md","28A525E683B3435E7F3ADD7ACD18B98542009FD99634B93913CC04C5A52B5AFD","880"
"00_Governance\Gates\GATE-002.md","B536F7D395477A090EA3865D8A2A0659DB7AE0FAA5D4052569FE3B2A4213E949","872"
"00_Governance\Gates\GATE-003.md","84FE92DA407882C361429807F88240C330B2BF6FCD6D7231B3F4A6DF2C833AE3","882"
"00_Governance\Gates\GATE-004.md","054D59A2ECF61A9C13AA67A1CCA92E47C9B51F0853613C35D007DAC108CCCCE8","876"
"00_Governance\Gates\GATE-005.md","A0878EDBB1B3C6B49DB4E83F28A52B72FE010EA4F1572E96DA629969A9DF3BFA","897"
"00_Governance\Gates\GATE-006.md","84662AC2DDC11CD6DDF0ED6A81710D795E1079A825E2BF2DF02E59E6D1A0EED6","886"
"00_Governance\Gates\GATE-007.md","259199EE4333B872B569AD557AC0EA3CAA781B2E583A20CDF0CC32889B36ED31","882"
"00_Governance\Gates\GATE-008.md","88BA734419400E9D98E341979C60CDFBA8329564B849F1B48548C25F84CFA66A","884"
"00_Governance\Gates\GATE-009.md","76D68677BA3D7382BE06212EB899A01E05FF8E51FD8C820176E21766E77AF474","871"
"00_Governance\Gates\GATE-010.md","4F69363EA3F461DCD4DF6442207B04D4978ACF7847829E5166E3719C7BB4EB7E","892"
"00_Governance\Gates\GATE-011.md","9F7DC29B875AA654D13F783C880C35A81C4C6EB988FD381B2C504256F00D5D15","880"
"00_Governance\Gates\GATE-012.md","FD9018DDD52C9AA318D70BE2467B7992BF301E5D096228566265EF17EDC616B9","858"
"00_Governance\Gates\GATE-013.md","BE101EC49F805FB8CE4E7267A18135D3AF224894E29DD0422AF80B85C54F8358","897"
"00_Governance\Gates\GATE-014.md","06DFB68A1CCD9C74320AA036C95FB4BD39DCDD6A40948F5C850E9B298B9855ED","893"
"25_Tools_and_Runners\PowerShell\Invoke-ICRPGate.ps1","7186A4F88AC9903185A5ED835978BE749545C9E05D08F939DB38378E6CE60A58","2209"
"25_Tools_and_Runners\PowerShell\RUN-001.ps1","E830DCF05F23E3001B7C28A2A6592700E9C4B7C0732FC378ACF6D9F4DFF80B31","236"
"25_Tools_and_Runners\PowerShell\RUN-002.ps1","1A42AA1D10A39CCBE40FF9B32F559187817B5FED3A0913317902443254184D29","236"
"25_Tools_and_Runners\PowerShell\RUN-003.ps1","A5DBBEE89298DE54B3ADAE8F54BAFADDD1D3FFC71D8851C444E946E2C09A0022","236"
"25_Tools_and_Runners\PowerShell\RUN-004.ps1","0E191E5A800DF755E3ABA4688522E47351025A2045CA0FCD50AC992BD2BC0AB2","236"
"25_Tools_and_Runners\PowerShell\RUN-005.ps1","B13947B108765B57A8ECE267EF37537740EBD9FC087E080B9F78451E887A3604","236"
"25_Tools_and_Runners\PowerShell\RUN-006.ps1","B916284EA39B3DF4CA1BC51170589034F041845BB94A0930A753CE32486416E0","236"
"25_Tools_and_Runners\PowerShell\RUN-007.ps1","9828B6B1C23BF54B5C99107C7DB4B632C8D909153E7CE35FEA06A6C807ED7FC8","236"
"25_Tools_and_Runners\PowerShell\RUN-008.ps1","6A10804B5ACEA4E87BA9EE84242002BF398343F94B2E0BAAFC9379AF3FFB0AB8","236"
"25_Tools_and_Runners\PowerShell\RUN-009.ps1","22E465C97525B59C78B988CBD5B45ADC3239BD834EFC83DA6C154B690C98565D","236"
"25_Tools_and_Runners\PowerShell\RUN-010.ps1","895663C0206ED4D5588C6C6534DF5B9091BB9630228447D002A22B46AB0280D6","236"
"25_Tools_and_Runners\PowerShell\RUN-011.ps1","5F7625234C7BA2CBADC4F2B01381EEE6A4F93E6CE8B4D315FA18AB0151629A68","236"
"25_Tools_and_Runners\PowerShell\RUN-012.ps1","506299F917D53EE16AFDBAAC3DE49BCB75D59A8F60E27426D4470910839821A1","236"
"25_Tools_and_Runners\PowerShell\RUN-013.ps1","3272E6A00C4009D24E2BFBF1B2658016A44712C43D905AA4919A3C7D0BC98F69","236"
"25_Tools_and_Runners\PowerShell\RUN-014.ps1","218F15FCCC23890384C02120B4E10582FAC64D467F081285721D3801991DD69C","236"
"25_Tools_and_Runners\README.md","F5AEFACB731BA72C392F9BEB8D0167E75477EE57742863D3D2589699C6AE17C1","704"
"26_Compliance_Mapping\EU\EU-MACHINERY-MAPPING.csv","0B95878065574A584CE3AD8D3A2A8F17A832133408306504F52F30B3F3732B9A","126"
"26_Compliance_Mapping\US\US-MACHINERY-MAPPING.csv","0B95878065574A584CE3AD8D3A2A8F17A832133408306504F52F30B3F3732B9A","126"
"26_Compliance_Mapping\Crosswalk\EU-US-CROSSWALK.csv","3140074C59B321D2D1346C3099699069918ED8A9227E46560DB21ED737B80324","111"
"26_Compliance_Mapping\Crosswalk\README.md","B4522AE64729271D376E692209F463582A8508653D4BA864F382CDD1039D0D73","181"
"01_Project_Context\PROJECT-CONTEXT.md","1A5918F748854E3676669096BBC283EDE0EE96089874E89B073F3C08785456A8","673"
"01_Project_Context\Checkpoints\CHECKPOINT-M0.md","B0EB5C6E6A2FCE7E49AAE9CFA3BBA25AD40F757E249259987440D0846B1ECBF1","409"
